id,restaurant known for,delivery_rating,delivery_review_number,location,timings,average_price,Dishes,cuisines
1,"Delivery Person, Proper Packaging, Wonderful Presentation, Portion, Spicy, Good Taste",4.2,5,"Frazer Town, Bangalore","12midnight – 3am, 11am – 12midnight",₹400,,"['Burger', 'Fast Food', 'Wraps']"
2,"Bang for the Buck, Pocket Friendly, Cozy Ambiance, Good Offers, Nice Crowd, Polite Staff",4.0,13.1,"Commercial Street, Bangalore","12midnight – 2am, 7am – 12midnight",₹400,"Cookie Crunch, Chicken Whooper Burger, Cheesy Chicken Fries, Burger, Wings, Shake","['Burger', 'Fast Food', 'Desserts', 'Beverages']"
3,"Delivery Instructions, Elegantly Decorated, Nice Crowd, Reasonable Prices, Prompt Service, Fast Delivery",3.8,68.9,"BTM, Bangalore",Opens tomorrow at 8:30am,₹500,,"['Kerala', 'Biryani', 'South Indian', 'Arabian', 'Beverages', 'Juices', 'Shake', 'Chinese']"
4,,4.1,876,"Shanti Nagar, Bangalore",,₹450,,"['Biryani', 'Kebab', 'North Indian']"
5,"Great Recommendations, Good Crowd, Delivery Person, Wonderful Presentation, Manager, Best Place",4.1,5,"Shanti Nagar, Bangalore","12midnight – 1am, 11am – 12midnight",₹600,,"['Pizza', 'Italian', 'Pasta', 'Fast Food', 'Desserts', 'Beverages']"
6,,3.5,1,"Indiranagar, Bangalore","12midnight – 3am, 11am – 12midnight",₹150,,"['Biryani', 'South Indian']"
7,,4.5,5,"Basavanagudi, Bangalore",11am – 12midnight,₹400,,"['Ice Cream', 'Desserts', 'Shake', 'Beverages']"
8,,4.4,1,"Shivajinagar, Bangalore","12midnight – 1:30am, 11am – 12midnight",₹300,,"['Beverages', 'Shake']"
9,"Friendly Service Staff, Best in Service, Served Quickly, Very Affordable, Fair Prices, Sanitised Service",4.1,3,"Jayanagar, Bangalore","12midnight – 1am, 11am – 12midnight",₹700,"Mutton Nalli Fry, Kshatriya Kebab, Donne Chicken Biryani, Chicken Boneless, Mutton Biryani, Briyani","['Biryani', 'South Indian', 'Kebab', 'Desserts', 'Beverages']"
10,"Peaceful Environment, Affordable, Yummy Desserts, Excellent Services, Cheap Prices, Serving Size",3.5,5,"Indiranagar, Bangalore","12midnight – 3am, 10am – 12midnight",₹1,"Gourmet Style Pizza, Fish Cilantro, Unlimited Pizza Buffet, Caramel Chocolate, Double Chocolate Cookie, Tandoori Panner","['Pizza', 'Pasta', 'Sandwich', 'Fast Food', 'Desserts', 'Beverages']"
11,"Unlimited Refills, Elegantly Decorated, Office Crowd, Pocket Friendly, Great Recommendations, Best Quality",4.1,54.4,"BTM, Bangalore","11:30am – 5pm, 6pm – 1am",₹300,"Sprout Salad, Gulabjamun, Kadhai Paneer, Makhani, Veg Thali, Rajma","['North Indian', 'Chinese', 'Sichuan', 'Salad', 'Beverages']"
12,"Gastronomical Experience, Family Place, Combos, Good Value, Delivery Person, Best Places",4.4,13.6,"Koramangala 5th Block, Bangalore",11am – 12midnight,₹900,"Boneless Chicken, Veg Biriyani, Chicken 65, Dum Biryani, Raita, Mutton","['Biryani', 'North Indian', 'Beverages']"
13,"Overall the Food was Good, Juice Prices, Good Service Provider, Excellent Food and Service, Valet Service, Gastronomical Experience",4.2,19.7,"Shivajinagar, Bangalore",11am – 2:30am,₹950,"Chicken Kheema Dosa, Mutton Shaadi Ki Biryani, Keema Dosa, Chicken Manchurian Masala, Mutton Raan, Idiyappam","['North Indian', 'Biryani', 'Kebab', 'South Indian', 'Mughlai', 'Chinese', 'Seafood']"
14,"Pocket Friendly, Nice Taste, Cutlery, Tasty, Good Taste, Flavour",3.2,20.6,"BTM, Bangalore",24 Hours,₹400,,"['Biryani', 'North Indian', 'Chinese', 'Fast Food', 'Street Food', 'Sichuan', 'Desserts', 'Beverages']"
15,"Boneless Chicken Biryani, Serving Size, Themed Decor, Ample Seating Area, Relaxed Atmosphere, Good Value",4.4,30.1,"Residency Road, Bangalore","12midnight – 1:30am, 11:30am – 12midnight",₹1,"Meghna Special Chicken Biryani, Mix Veg Curry, Panner Biryani, Chicken Boneless, Lemon Chicken, Veg Biriyani","['Biryani', 'Andhra', 'North Indian', 'Seafood']"
16,"Cute Packaging, Weekend Brunch, Good Wifi, Food Presentation, Extensive Menu, Student Crowd",3.8,1,"Brigade Road, Bangalore","12midnight – 1am, 11am – 12midnight",₹500,"Maggie, Hot Wings, Cheesecake, Fries, Chicken","['Fast Food', 'Burger', 'Biryani', 'Desserts', 'Beverages']"
17,"Not very Crowded, Economical, Casual Seating Area, Great Recommendations, Prompt Service, Great Taste",3.9,7,"MG Road, Bangalore",10am – 2:45am,₹400,"Veg Pizza Mcpuff, Mcspicy Paneer, Peri Fries, Burgers","['Cafe', 'Burger', 'Desserts', 'Beverages', 'Fast Food']"
18,,3.6,2,"Basavanagudi, Bangalore",12:30pm – 12midnight,₹100,,"['Beverages', 'Shake', 'Juices', 'Ice Cream', 'Desserts', 'Burger', 'Fast Food']"
19,"Very Affordable, Proper Packaging, Wonderful Presentation, Perfect Presentation, Cute Packaging, Great Portions",4.1,2,"Brigade Road, Bangalore","12midnight – 3am, 11am – 12midnight",₹450,"Sandwiches, Roll, Meat, Chicken","['Burger', 'Fast Food']"
20,"Cleanliness, Cutlery, Management, Table, Portions, Flavour",4.2,7,"Residency Road, Bangalore",10am – 1am,₹1,"Brain Pepper Fry, Bheja Fry, Kababs, Chicken Kabab, Grilled Chicken, Ghee Rice","['North Indian', 'Mughlai', 'Chinese', 'Biryani', 'Seafood', 'Desserts', 'Shake', 'Beverages']"
21,"Value for Money, Ambience, Service, Food",3.9,531,"Frazer Town, Bangalore","12midnight – 2am, 11am – 12midnight",₹300,,"['Pizza', 'Pasta', 'Italian', 'Fast Food']"
22,,4.4,1,"Seshadripuram, Bangalore","12midnight – 2am, 10am – 12midnight",₹350,,"['Waffle', 'Pancake', 'Ice Cream', 'Desserts', 'Beverages']"
23,"Family Place, Good Delivery, Packed on Weekends, Fancy Crowd, Best Food under Best Budget, Nice Taste",4.2,78.7,"Rajajinagar, Bangalore",10am – 4am,₹900,"French Chicken, Jumbo Roll, Barbeque Chicken, Panneer Butter Masala, Kerala Parotta, Rumali Roti","['North Indian', 'Biryani', 'Arabian', 'Mughlai', 'Chinese']"
24,"Everything was very Good, Amazing Food at Amazing Price, Amazing Vibe, Good Service Good Quality, Ample Seating Area, Staff Behaviour",4.0,10.7,"Indiranagar, Bangalore",Opens tomorrow at 11:30am,₹1,"Drumstick Soup, Fish Tawa Fry, Pudina Paratha, Bamboo Chicken, Fried Rice Chicken, Butter Kulcha","['Andhra', 'Biryani', 'North Indian', 'Chinese', 'Desserts', 'Ice Cream', 'Beverages']"
25,,4.1,6,"Vijay Nagar, Bangalore","12midnight – 1am, 7am – 12midnight",₹150,,"['South Indian', 'North Indian', 'Chinese', 'Beverages']"
26,,4.1,1,"Shanti Nagar, Bangalore",,₹150,,"['Burger', 'Fast Food', 'American']"
27,"Nice Taste, Nice Service, Good Quantity, Nice Food, Good Taste, Awesome Food",3.9,32.4,"BTM, Bangalore",9am – 4am,₹150,,"['Kerala', 'Biryani', 'South Indian', 'Arabian', 'Beverages', 'Juices', 'Shake', 'Chinese']"
28,"Cute Packaging, Food Presentation, Value for Money, Extensive Menu, Timely Service, Worth the Money",4.4,3,"Vasanth Nagar, Bangalore",,₹300,,"['Bakery', 'Desserts']"
29,"Delivery Person, Weekend Brunch, Excellent Taste, Nice Taste, Best Food, Good Quantity",3.9,33.2,"Shivajinagar, Bangalore",8am – 6am,₹200,"Chicken Manchurian Roll, Mutton Briyani, Dal Fry, Ghee Rice","['North Indian', 'Chinese', 'Sichuan']"
30,,4.1,25,"Hosur Road, Bangalore",,₹100,,"['Bakery', 'Desserts', 'Mithai']"
31,,4.4,199,"Seshadripuram, Bangalore",9am – 3am,₹100,,"['Ice Cream', 'Desserts']"
32,"Good Delivery, Delivery Time, Amazing Taste, Delicious Taste, Tamper Proof Packaging, Perfect Presentation",3.3,14.9,"Shivajinagar, Bangalore",7am – 5am,₹400,,"['North Indian', 'Chinese', 'Mughlai', 'Biryani']"
33,"Extensive Menu, Cute Packaging, Food Presentation, Timely Service, Delicious Food, Prices",3.2,1,"Rajajinagar, Bangalore",24 Hours,₹150,,"['Pizza', 'Burger', 'Fast Food']"
34,"Value for Money, Worth the Money, Great Portions, Good Quality",3.8,3,"Rajajinagar, Bangalore",,₹150,,"['Fast Food', 'Burger', 'Pizza']"
35,"Serving Size, Quick Service, Flavour, Main Course, Tasty Food, Portion Size",4.3,5,"Richmond Road, Bangalore",Opens tomorrow at 12noon,₹1,,"['Chinese', 'Seafood', 'Thai', 'Rolls', 'Malaysian', 'Mughlai', 'Momos']"
36,"Authentic, Gastronomical Experience, Comfortable Seating Area, Family Place, Good Quality Food, Friendly Service",4.1,10.5,"Frazer Town, Bangalore",11am – 3am,₹1,"Mutton Kofta, Patthar Gosht, Matka Phirni, Chocolate Pan, Bheja Fry, Fry Prawns","['Biryani', 'Kebab', 'Mughlai', 'Arabian', 'South Indian', 'Rolls', 'Desserts', 'Beverages']"
37,,4.0,2,"Cunningham Road, Bangalore",,₹150,,"['Shawarma', 'Wraps']"
38,"Delivery Time, Good Quantity, Nice Food, Tasty, Great Food, Prices",3.8,15.4,"Frazer Town, Bangalore",,₹250,"Rice Bowl, Steak, Salads, Burgers, Noodles, Cake","['Continental', 'Oriental', 'Asian', 'Healthy Food', 'Sandwich', 'Chinese', 'Desserts']"
39,"Nice Food, Perfect Presentation, Customizable Food, Worth the Money, Ambience, Great Portions",4.1,3,"Hosur Road, Bangalore","12midnight – 2am, 10am – 12midnight",₹550,,['Chinese']
40,"Nice Taste, Good Quantity, Affordable Prices, Best Food under Best Budget, Nice Food, Good Taste",3.9,16.8,"Indiranagar, Bangalore",,₹150,,"['North Indian', 'South Indian', 'Chinese', 'Mughlai', 'Biryani', 'Fast Food', 'Beverages', 'Desserts']"
41,,4.1,1,"Shanti Nagar, Bangalore",,₹200,,"['Rolls', 'Wraps', 'Shawarma']"
42,"Safe Delivery, Perfect Service, Prompt Delivery, Low Price, Reasonable Rate, Contactless Delivery",3.2,40.4,"BTM, Bangalore",24 Hours,₹150,"Chicken Dum Biryani, Chicken Fried Rice, Gobi Manchurian, Chilli Chicken, Salad","['Biryani', 'North Indian', 'Mughlai', 'Fast Food', 'Beverages', 'Sichuan']"
43,"Affordable Rate, Fast Delivery, Perfect Presentation, Cutlery, Spill Proof Packaging, Combo",3.4,18.7,"BTM, Bangalore",24 Hours,₹450,,"['Biryani', 'North Indian', 'Chinese', 'Desserts', 'Beverages', 'Sichuan']"
44,,4.1,3,"Hosur Road, Bangalore",,₹250,,"['Continental', 'Chinese', 'Oriental', 'Asian', 'Healthy Food', 'Sandwich']"
45,"Spicy, Value for Money, Great Portions, Good Taste, Good Food",4.2,4,"Indiranagar, Bangalore",,₹250,,"['Biryani', 'Andhra', 'Hyderabadi', 'South Indian']"
46,,3.6,1,"Vasanth Nagar, Bangalore",,₹350,,"['Bakery', 'Desserts', 'Ice Cream', 'Shake', 'Beverages']"
47,"Chirpy Crowd, Customizations Available, Cozy Ambiance, Tandoori, Great Recommendations, Excellent Taste",4.1,29.5,"Koramangala 5th Block, Bangalore",12noon – 3am,₹400,,"['Biryani', 'Kebab', 'North Indian']"
48,,3.3,351,"RT Nagar, Bangalore",Opens tomorrow at 12:30pm,₹300,,"['Burger', 'Rolls', 'Fast Food', 'Roast Chicken']"
49,,3.8,1,"Brigade Road, Bangalore",10am – 2am,₹350,"Milkshakes, Shake, Chocolate, Coffee","['Shake', 'Beverages', 'Desserts', 'Ice Cream', 'Waffle', 'Healthy Food']"
50,"Good for Large Groups, Generous Portions, Family Place, Serving Size, Good Options, Quick Delivery",4.0,30.2,"Koramangala 5th Block, Bangalore","11:30am – 4pm, 6:30pm – 1am",₹950,"Dum Ka Chicken, Pepper Prawns, Chicken 65, Tender Chicken, Paneer Biryani, Grill Chicken","['Biryani', 'North Indian', 'Chinese', 'Mughlai', 'Seafood', 'Beverages', 'Desserts']"
51,"Great Place, Good Place, Value for Money, Food Quality, Ambience, Service",4.5,1,"St. Marks Road, Bangalore",Opens tomorrow at 11am,₹300,,"['Ice Cream', 'Shake']"
52,,3.8,201,"Shanti Nagar, Bangalore",,₹200,,"['Biryani', 'Mughlai']"
53,"Wonderful Presentation, Perfect Presentation, Packing, Value for Money, Quantity",3.9,2,"Jayanagar, Bangalore",Opens tomorrow at 11am,₹400,,"['Momos', 'Fast Food', 'Chinese', 'Tibetan', 'Sichuan', 'Beverages', 'Desserts']"
54,,3.7,513,"Frazer Town, Bangalore",,₹300,,"['Continental', 'Chinese', 'Oriental', 'Asian', 'Healthy Food', 'Sandwich']"
55,,4.2,3,"Cunningham Road, Bangalore",,₹250,,"['Healthy Food', 'Pizza', 'North Indian', 'Burger', 'Biryani', 'Chinese', 'Desserts', 'Beverages']"
56,"Food Tastes Great, Healthy and Delicious, Value for Money, Packaging, Taste, Food",4.3,1,"Seshadripuram, Bangalore",,₹250,,"['Andhra', 'Biryani', 'South Indian', 'Desserts', 'Beverages', 'Hyderabadi']"
57,"Student Crowd, Nice Food, Cute Packaging, Customizable Food, Elaborate Menu, Value for Money",4.3,2,"Frazer Town, Bangalore","12midnight – 2am, 11:30am – 12midnight",₹950,,"['Biryani', 'Andhra', 'North Indian', 'Chinese', 'Mughlai', 'Beverages']"
58,"Portion Size, Food Quality, Value for Money, Packaging",4.4,390,"Hosur Road, Bangalore",24 Hours,₹200,,"['Ice Cream', 'Desserts']"
59,,4.1,719,"Shanti Nagar, Bangalore",,₹200,,"['North Indian', 'Biryani', 'Mughlai']"
60,"Nice Food, Value for Money, Good Taste, Quantity, Fresh Food, Good Quality",4.0,5,"City Market, Bangalore","12midnight – 2am, 10:15am – 12midnight",₹300,,"['North Indian', 'Biryani', 'Chinese']"
61,"Prompt Service, Amazing Food, Portion, Spicy, Quantity",3.5,6,"Old Madras Road, Bangalore",11am – 3am,₹450,,"['North Indian', 'Mughlai', 'Chinese', 'Kebab', 'Rolls', 'Seafood', 'Arabian', 'Biryani']"
62,,3.6,491,"Indiranagar, Bangalore","12midnight – 4am, 6am – 12midnight",₹300,,"['North Indian', 'Chinese']"
63,"Value for Money, Packaging, Ambience, Portion Size, Food",4.2,1,"Majestic, Bangalore","12midnight – 1am, 11:30am – 12midnight",₹700,,"['North Indian', 'Chinese', 'Mughlai', 'Biryani', 'Seafood', 'Rolls', 'Fast Food', 'Ice Cream']"
64,"Student Crowd, Fast Delivery, Nice Taste, Young Crowd, Good Quantity, Customizable Food",3.9,27.1,"Basaveshwara Nagar, Bangalore",11:30am – 3am,₹300,,"['Biryani', 'South Indian']"
65,"Breakfast, Friendly Place, Great Value, Cleanliness, Decent Place, Reasonable Price",4.3,5,"Indiranagar, Bangalore",6:30am – 12:45am,₹300,"Mini Idlis, Chutneys, Filter Coffee, Masala Dosa, Tea, Rice",['South Indian']
66,,4.3,619,"Vasanth Nagar, Bangalore",11am – 12midnight,₹500,,"['Ice Cream', 'Desserts', 'Shake', 'Bakery']"
67,,3.8,714,"1 Sobha, Bangalore",9am – 3am,₹600,,"['Healthy Food', 'Sandwich', 'Fast Food', 'Wraps', 'Salad', 'Beverages']"
68,,3.8,2,"Domlur, Bangalore",24 Hours,₹400,,"['Burger', 'Sandwich', 'Fast Food', 'Wraps', 'Biryani', 'Beverages', 'Desserts']"
69,,3.6,3,"BTM, Bangalore",,₹250,,"['Biryani', 'Fast Food']"
70,"Excellent Food and Service, Yummy Food, Fancy Crowd, Weekend Brunch, Management, Spill Proof Packaging",4.0,11.5,"Shanti Nagar, Bangalore",24 Hours,₹350,"Aloo Pyaaz Paratha, Panner Butter Masala, Spicy Food, Chole Bhature, Shakes, Brownie","['North Indian', 'Chinese', 'Street Food', 'Beverages']"
71,"Very Affordable, Delicious Taste, Excellent Taste, Fresh Food with Good Quality, Tasty, Portion",4.1,8,"BTM, Bangalore",,₹300,,"['Biryani', 'North Indian', 'Chinese']"
72,"Low Price, Prompt Service, Healthy Food, Great Ambiance, Good Options, Concept",4.5,11,"Indiranagar, Bangalore",Opens tomorrow at 11am,₹450,"Chicken Quesadilla, Nimbu Pani, Burrito, Rice Bowl, Bbq Chicken, Salads","['Mexican', 'Healthy Food', 'American', 'Salad', 'Fast Food', 'Beverages']"
73,"Quality Food, Chef, Tasty, Cute Packaging, Combo, Food Presentation",3.7,29.7,"Koramangala 7th Block, Bangalore",,₹150,"Paneer Punjabi Masala, Afghan Chicken, Punjabi Chicken, Honey Chilli Potatoes, Authentic Punjabi Food, Tandoori Roti","['North Indian', 'Biryani', 'Mughlai', 'Chinese', 'Kebab']"
74,"Good Service Good Quality, Best Food under Best Budget, Spill Proof Packaging, Affordable Prices, Nice Taste, Extensive Menu",4.4,387,"Vasanth Nagar, Bangalore",,₹100,"Lime Ice Tea, Lime Mint Cooler, Arabian Grape Juice, Lassi, Juice, Salad","['Juices', 'Beverages', 'Shake', 'Ice Cream', 'Desserts']"
75,"Tandoori, Nice Taste, Fast Delivery, Good Quantity, Best Food, Great Taste",4.0,61.5,"BTM, Bangalore",Opens tomorrow at 12midnight,₹500,"Hyderabadi Lamb Biryani, Spicy Chicken, Paneer Biryani, Kabab","['Biryani', 'North Indian', 'Chinese', 'Hyderabadi', 'Andhra', 'Wraps', 'Sichuan']"
76,,3.7,891,"Jayanagar, Bangalore","12midnight – 1am, 11am – 12midnight",₹600,,"['Biryani', 'South Indian', 'Kebab']"
77,"Clean and Hygienic Place, Quality Food, Nice Food, Customizable Food, Good Taste, Delicious Food",4.0,3,"Richmond Road, Bangalore",,₹400,,"['South Indian', 'Chinese', 'North Indian', 'Biryani', 'Kebab', 'Momos', 'Rolls']"
78,"Food Packaging, Boneless Chicken Biryani, Comfort Food, Excellent Taste, Good Wifi, Preparation",4.0,5,"Jayanagar, Bangalore","12midnight – 1am, 11:15am – 12midnight",₹1,"Corn Veg Soup, Chicken Tikka Biryani, Aloo Jeera, Egg Biryani, Chicken Lollipop, Mutton Biryani","['Biryani', 'North Indian', 'South Indian']"
79,"Boneless Chicken Biryani, Good for Large Groups, Servings, Family Place, Relaxed Atmosphere, Family Restaurant",4.2,62.3,"JP Nagar, Bangalore",Opens tomorrow at 11:30am,₹850,"Pepper Chicken Wing, Spicy Andhra Biryani, Veg Hyderabadi Biryani, Kaju Curry, Egg Chilli, Chicken Lollypop","['Biryani', 'Hyderabadi', 'Andhra', 'Chinese', 'North Indian', 'South Indian', 'Mughlai', 'Seafood']"
80,,4.0,2,"Richmond Road, Bangalore",,₹100,,"['Rolls', 'Chinese', 'North Indian', 'Biryani']"
81,"Cute Packaging, Food Presentation, Timely Service, Extensive Menu, Worth the Money, Great Portions",4.1,1,"BTM, Bangalore",,₹200,,"['Rolls', 'Fast Food', 'North Indian']"
82,,3.8,98,"Shanti Nagar, Bangalore",,₹250,,"['Bakery', 'Desserts', 'Ice Cream']"
83,,4.1,1,"Cunningham Road, Bangalore",,₹200,,"['North Indian', 'Healthy Food', 'South Indian', 'Fast Food', 'Mithai', 'Juices', 'Desserts', 'Beverages']"
84,"Keto Options, Extensive Bar Menu, Fusion Dishes, Variety of Veg Options, Good for Large Groups, Comfortable Seating Area",4.1,5,"Majestic, Bangalore",Opens tomorrow at 11am,₹950,,"['Andhra', 'Biryani', 'North Indian']"
85,"Romantic Seating, Crew, Lights, Best Food under Best Budget, Parking, Portions",4.0,1,"Church Street, Bangalore",Opens tomorrow at 11am,₹350,"Spicy Burger, Choco Brownie, Mojito, Shakes, Fries, Drinks","['Burger', 'American', 'Fast Food', 'Wraps', 'Beverages', 'Shake']"
86,"Cute Packaging, Breakfast, Food Presentation, Worth the Money, Extensive Menu, Proper Packaging",4.2,10.5,"Koramangala 5th Block, Bangalore",7am – 1am,₹200,"Mango Shakes, Masala Tea, Ginger Tea, Masala Chai, Lemon Tea, Vada Pav","['Tea', 'Coffee', 'Beverages', 'Shake', 'Fast Food', 'Rolls', 'Desserts', 'Cafe']"
87,"Contactless Delivery, Best Food, Wonderful Presentation, Proper Packaging, Great Portions, Packing",3.6,11.2,"Frazer Town, Bangalore",Opens tomorrow at 12:30pm,₹300,,"['Rolls', 'Chinese', 'Momos', 'Fast Food']"
88,"Excellent Service, Value for Money, Ambience, Packaging, Fresh Food, Good Service",3.9,1,"Domlur, Bangalore","12midnight – 2am, 11:30am – 12midnight",₹1,,"['Biryani', 'Kebab', 'North Indian', 'Rolls', 'Desserts', 'Chinese']"
89,"Nice Food Quality, Family Restaurant, Family Place, Relaxed Atmosphere, Best Restaurant, Great Value",4.0,7,"Frazer Town, Bangalore",1pm – 3am,₹1,"Chicken Shwarma Roll, Savoury, Jumbo Shawarma, Alfaham Chicken, Barbecue Chicken, Mutton Pepper Fry","['North Indian', 'Arabian', 'Chinese', 'Mughlai', 'Seafood', 'Shawarma', 'Desserts', 'Beverages']"
90,"Excellent Taste, Portions, Spicy, Good Taste, Value for Money, Packing",4.2,10.4,"Indiranagar, Bangalore",Opens tomorrow at 11am,₹850,,"['Biryani', 'Chettinad', 'Chinese', 'North Indian', 'Mughlai']"
91,,3.9,99,"Vasanth Nagar, Bangalore",,₹250,,"['Pizza', 'Italian', 'Fast Food', 'Beverages']"
92,"Service and Quality of Food, Ample Seating Area, Gastronomical Experience, Packed on Weekends, Nice Taste, Amazing Service",4.0,7,"Indiranagar, Bangalore",Opens tomorrow at 11am,₹1,"Mutton Varuval, Mutton Sukka, Liver Fry, Mutton Pepper, Pepper Chicken, Starter","['Biryani', 'South Indian', 'North Indian', 'Mughlai', 'Chinese', 'Seafood', 'Desserts', 'Beverages']"
93,"Good Wifi, Student Crowd, Cute Packaging, Customizable Food, Food Presentation, Elaborate Menu",3.9,598,"Jayanagar, Bangalore","12midnight – 2am, 10:45am – 12midnight",₹400,,"['Pizza', 'Fast Food', 'Beverages']"
94,,4.2,472,"Shanti Nagar, Bangalore",,₹200,,"['North Indian', 'Biryani', 'Mughlai']"
95,"Great Recommendations, Reasonable Prices, Prompt Service, Worth the Money, Food Presentation, Good Taste",4.0,4,"Koramangala 5th Block, Bangalore",,₹100,"Corn Samosa, Indori Poha, Masala Tea, Vada Pav, Chai","['Street Food', 'Tea', 'North Indian', 'Beverages', 'Mithai', 'Desserts']"
96,"Good Wifi, Weekend Brunch, Student Crowd, Elaborate Menu, Outdoor Seating, Customizable Food",4.3,969,"Lavelle Road, Bangalore",8am – 1am,₹700,"Cake Rusk, Black Forest Cake, Cheesecake, Hot Chocolate, Chocolate Cake, Pastry","['Asian', 'Italian', 'Salad', 'Pizza', 'Sandwich', 'Burger', 'Desserts', 'Beverages']"
97,"Perfect Presentation, Wonderful Presentation, Delicious Food, Location, Tamper Proof Packaging, Great Portions",4.0,1,"Church Street, Bangalore",10am – 2am,₹800,"Paneer 65, Chicken 65, Paneer Biryani, Gulab Jamun, Mutton Biryani, Chicken Biryani","['Biryani', 'Hyderabadi', 'Mughlai']"
98,,4.1,713,"Indiranagar, Bangalore",,₹100,,"['Bakery', 'Desserts']"
99,"Good Quality, Value for Money, Ambience, Experience, Food",4.0,1,"Shanti Nagar, Bangalore","12midnight – 1am, 11:30am – 12midnight",₹250,,"['Ice Cream', 'Waffle', 'Desserts', 'Sandwich', 'Shake', 'Beverages']"
100,"Quick Delivery, Value for Money, Good Taste, Delicious Food",4.1,3,"BTM, Bangalore",,₹200,,"['North Indian', 'Chinese', 'Biryani']"
101,,4.0,2,"Hosur Road, Bangalore",,₹100,,"['Desserts', 'Bakery', 'Mithai']"
102,"Flavour, Ambiance, Menu, Taste",4.1,1,"Frazer Town, Bangalore",11am – 1am,₹300,,"['Ice Cream', 'Desserts', 'Shake', 'Beverages']"
103,,3.5,239,"Vasanth Nagar, Bangalore",,₹250,,"['Desserts', 'Shake', 'Ice Cream', 'Bakery', 'Beverages']"
104,"Great Veg Options, Mouth Watering Food, Student Crowd, Good Quantity, Family Crowd, Customizable Food",2.9,11.7,"BTM, Bangalore",Opens tomorrow at 12midnight,₹300,,"['North Indian', 'Chinese', 'Street Food', 'Rajasthani']"
105,,3.8,2,"Indiranagar, Bangalore",,₹150,,"['North Indian', 'Chinese', 'Desserts']"
106,"Chic Decor, Yummy Desserts, Cute Ambience, Art, Pretty Place, Beautiful Interiors",4.3,1,"Residency Road, Bangalore","12midnight – 1am, 11am – 12midnight",₹300,"Oreo Cookie Mousse, Nutella Oreo, Passion Fruit Sorbet, Deep Fried Oreo, Peanut Butter Ice Cream, Mississippi Mudpie","['Ice Cream', 'Desserts', 'Waffle', 'Beverages']"
107,,3.4,481,"Vasanth Nagar, Bangalore",,₹200,,"['Rolls', 'Wraps', 'Fast Food', 'Desserts', 'Shake', 'Beverages']"
108,,4.0,455,"Vijay Nagar, Bangalore",Opens tomorrow at 12midnight,₹500,,"['North Indian', 'Biryani', 'Mughlai', 'Chinese']"
109,"Chirpy Crowd, Drive through, Office Crowd, Economical, Pocket Friendly, Great Recommendations",4.1,4,"Koramangala 7th Block, Bangalore","12midnight – 3am, 11am – 12midnight",₹750,"Rajma Masala, Mushroom Manchurian, Tandoori Roti, Pav Bhaji",['North Indian']
110,"Food Presentation, Customizable Food, Great Portions, Fresh Food, Timely Service, Worth the Money",3.8,3,"Orion Mall, Malleshwaram, Bangalore",10am – 12midnight,₹400,,"['Mexican', 'Wraps', 'Fast Food']"
111,"Pocket Friendly Place, Cozy Ambience, Peaceful Ambience, Outside Seating, Staff Service, Outdoor",4.3,6,"Lavelle Road, Bangalore",9am – 12midnight,₹800,"Red Velvet Chocolate Cupcake, Signature Coffee, Chicken Pie, Cinnamon Roll, Quiche, Macaroon","['Bakery', 'Cafe', 'Italian', 'Continental', 'Fast Food', 'Beverages', 'Desserts']"
112,"Nice Packing, Chinese, Good Packaging, Authentic Taste, Food Presentation, Spill Proof Packaging",4.2,15.4,"Koramangala 8th Block, Bangalore",11am – 12midnight,₹250,"Chilli Basil Noodle, Spring Rolls, Dimsums, Thai Curry, Hakka Noodles, Chinese Food","['Chinese', 'Japanese', 'Thai', 'Indonesian', 'Asian']"
113,,3.5,2,"RT Nagar, Bangalore",,₹250,,"['Chinese', 'Momos', 'Sichuan']"
114,,4.0,1,"Rajajinagar, Bangalore",,₹400,,"['Bakery', 'Desserts']"
115,,4.1,6,"RT Nagar, Bangalore",12noon – 3am,₹200,,"['North Indian', 'Mughlai', 'Arabian', 'Chinese', 'Seafood']"
116,,4.1,171,"Richmond Road, Bangalore",,₹100,,"['Ice Cream', 'Desserts']"
117,,4.2,666,"Koramangala 7th Block, Bangalore",,₹200,,"['American', 'Burger', 'Beverages', 'Desserts', 'Fast Food', 'Finger Food']"
118,"Average Sized Portions, Fresh Food with Good Quality, Nice Concept, Healthy and Delicious, Clean and Hygienic Place, Spill Proof Packaging",3.5,3,"Basavanagudi, Bangalore",12noon – 3am,₹300,"Pizza Club Burger, Vada Pav, Sandwiches, Burger","['Pizza', 'Sandwich', 'Burger', 'Rolls', 'Pasta', 'Fast Food', 'Street Food']"
119,"Amazing Interiors, Fantastic Decoration, Awesome Spot to Hangout, Cheap and Affordable, Concept, Good Quantity",4.2,4,"Koramangala 6th Block, Bangalore",Opens at 10am,₹600,"Matka Phirni, Hyderabadi Chicken Biryani, Chicken Ghee Roast, Chicken 65, Briyani, Veg Biryani","['Biryani', 'Hyderabadi', 'Kebab', 'North Indian', 'Ice Cream', 'Desserts']"
120,"Great Taste, Flavour, Customizable Food, Packing, Tasty Food, Elaborate Menu",4.2,4,"Thippasandra, Bangalore",Opens at 11am,₹400,,"['Biryani', 'Kebab', 'Mughlai', 'North Indian', 'Desserts']"
121,"Cute Packaging, Extensive Menu, Food Presentation, Timely Service, Worth the Money, Delicious Food",3.4,328,"Rajajinagar, Bangalore",,₹200,,"['Biryani', 'Fast Food']"
122,"Fair Prices, Weekend Brunch, Good Wifi, Proper Packaging, Customizable Food, Fresh Food",3.9,3,"BTM, Bangalore",,₹250,,"['Biryani', 'North Indian', 'Chinese', 'Seafood', 'Street Food']"
123,"Tandoori, Parking, Nice Taste, Best Places, Tasty, Good Taste",4.0,13.2,"Frazer Town, Bangalore",12noon – 1:30am,₹400,"Seekh Roll, Chicken Shawarama, Kababs, Beef, Noodles, Chicken Biryani","['Mughlai', 'Chinese', 'North Indian', 'Rolls', 'Sichuan']"
124,,4.2,1,"Garuda Mall, Magrath Road, Bangalore",10am – 1am,₹400,,"['Beverages', 'Shake', 'Desserts']"
125,,4.3,1,"Koramangala 5th Block, Bangalore",,₹100,,"['Bakery', 'Desserts']"
126,"Very Affordable, Healthy and Delicious, Mouth Watering Food, Fresh Food with Good Quality, Spill Proof Packaging, Timely Service",3.6,650,"Basaveshwara Nagar, Bangalore",,₹150,,"['Street Food', 'Fast Food', 'Tea', 'North Indian']"
127,,3.8,72,"Shanti Nagar, Bangalore",,₹200,,"['North Indian', 'Biryani']"
128,"Comfortable Seating Area, Good Quantity, Reasonable Price, Good Taste, Value for Money, Prices",4.0,20.4,"BTM, Bangalore",Opens at 11:30am,₹400,,"['Chinese', 'Seafood', 'Sichuan']"
129,,4.0,53,"Vasanth Nagar, Bangalore",,₹200,,"['Healthy Food', 'Pizza', 'North Indian', 'Burger', 'Biryani', 'Chinese', 'Desserts', 'Beverages']"
130,"Great Veg Options, Worth the Money, Portion, Good Taste, Timely Service, Value for Money",3.7,2,"Rajajinagar, Bangalore",24 Hours,₹250,,"['North Indian', 'Chinese']"
131,,4.1,477,"Majestic, Bangalore",24 Hours,₹300,,"['Biryani', 'North Indian']"
132,,4.3,609,"Hosur Road, Bangalore",,₹250,,"['Momos', 'Chinese']"
133,,3.8,90,"Frazer Town, Bangalore",Opens at 1:30pm,₹950,,"['Arabian', 'Lebanese', 'North Indian', 'Chinese', 'Mughlai', 'Beverages']"
134,,3.4,1,"RT Nagar, Bangalore",,₹250,,"['Chinese', 'Seafood', 'Momos', 'Sichuan']"
135,,4.3,505,"Commercial Street, Bangalore",,₹200,,"['North Indian', 'Healthy Food', 'Beverages', 'Desserts']"
136,,3.7,1,"Shivajinagar, Bangalore",,₹150,,"['North Indian', 'Chinese', 'Mughlai']"
137,"Good Quantity, Good Taste, Best Place, Value for Money, Prices, Good Service",4.1,5,"Shivajinagar, Bangalore",Opens at 10am,₹800,"Mutton Paya, Mutton Brain, Ghee Rice, Chicken Kabab, Kebabs, Tandoori Chicken","['Biryani', 'North Indian']"
138,"Best Quality, Cute Packaging, Food Presentation, Worth the Money, Extensive Menu, Delicious Food",3.7,1,"Rajajinagar, Bangalore",,₹200,,"['Biryani', 'Chinese', 'North Indian']"
139,"Good for Large Groups, Comfortable Seating Area, Good Hygiene, Relaxed Atmosphere, Fancy Crowd, Quality of Food",3.9,37.9,"Koramangala 7th Block, Bangalore","12midnight – 3am, 11am – 12midnight",₹950,"Murgh Ke Sholey, Paneer Kali Mirch, Sarso Da Saag, Paneer Punjabi, Punjabi Chicken, Makke Di Roti","['North Indian', 'Chinese', 'Mughlai', 'Biryani', 'Beverages']"
140,"Very Affordable, Fresh Ingredients, Great Quality, Healthy Food, Reasonable Prices, Good Packaging",3.8,12,"BTM, Bangalore",Opens at 9am,₹100,"Methi Malai Matar, Kadai Mushroom, Lacha Paratha, Mushroom Manchurian, Mixed Fried Rice, Paneer Chilli","['North Indian', 'Chinese', 'Sichuan']"
141,"Clean and Hygienic Place, Hygiene, Family Crowd, Customer Service, Manager, Food Presentation",4.1,3,"Frazer Town, Bangalore","12midnight – 1:30am, 1pm – 12midnight",₹1,,"['North Indian', 'Mandi', 'Mughlai', 'Kebab', 'Desserts']"
142,,3.7,216,"Vasanth Nagar, Bangalore",,₹300,,"['Bakery', 'Desserts', 'Ice Cream', 'Shake']"
143,,4.3,582,"Lavelle Road, Bangalore",Opens at 7am,₹600,,"['Cafe', 'Coffee', 'Desserts', 'Beverages']"
144,,3.9,2,"Richmond Road, Bangalore","12midnight – 5am, 11:30am – 12midnight",₹300,,"['Chinese', 'Fast Food', 'Rolls', 'BBQ', 'North Indian']"
145,,4.3,248,"Residency Road, Bangalore",Opens at 5pm,₹150,,"['South Indian', 'Beverages']"
146,,4.4,376,"Commercial Street, Bangalore",,₹350,,"['North Indian', 'Biryani', 'Mughlai', 'Kebab', 'Rolls', 'Desserts', 'Modern Indian']"
147,,4.1,2,"BTM, Bangalore","12midnight – 5:30am, 12:15pm – 12midnight",₹250,,"['Shawarma', 'Fast Food']"
148,"Large Servings, Excellent Food Quality, Food Tastes Great, Healthy and Delicious, Contactless Delivery, Fresh Food with Good Quality",4.3,2,"Koramangala 8th Block, Bangalore",,₹200,,"['Tea', 'Beverages', 'Sandwich', 'Street Food']"
149,"Good Taste, Fresh Food, Good Quality, Good Service, Good Food",3.5,8,"Kumaraswamy Layout, Bangalore",Opens at 8am,₹300,,"['North Indian', 'Chinese', 'Juices', 'Shake']"
150,"Food Tastes Great, Delicious, Best Quality, Good Packaging, Proper Packaging, Very Affordable",4.2,3,"Koramangala 7th Block, Bangalore",,₹350,"Truffle Fries, Classic Chicken Burger, Peri Fries, Wings","['Burger', 'Fast Food', 'Beverages', 'Desserts']"
151,,4.1,133,"Koramangala 5th Block, Bangalore",,₹200,,"['Kerala', 'Biryani', 'Chinese', 'South Indian', 'Seafood', 'Beverages']"
152,,3.3,391,"RT Nagar, Bangalore",,₹250,,"['Biryani', 'South Indian', 'Kebab']"
153,,4.2,961,"Koramangala 7th Block, Bangalore",,₹200,"Bubble Tea, Momos, Burgers, Drink","['Bubble Tea', 'Burger', 'Beverages', 'Tea', 'Fast Food', 'Street Food', 'Momos', 'Shake']"
154,"Customizable Food, Worth the Money, Fresh Food, Good Quality",3.4,782,"BTM, Bangalore","12midnight – 1am, 10am – 12midnight",₹450,,"['Fast Food', 'Street Food', 'Chinese', 'South Indian', 'Biryani', 'Beverages', 'Chettinad']"
155,,4.2,68,"Shanti Nagar, Bangalore",,₹150,,"['North Indian', 'Mithai', 'Fast Food']"
156,,3.8,121,"Koramangala 5th Block, Bangalore",,₹400,,"['Kerala', 'South Indian', 'Seafood', 'North Indian', 'Chinese', 'Shawarma', 'Biryani', 'Beverages']"
157,,4.2,417,"Thippasandra, Bangalore",Opens at 11:30am,₹1,,"['Biryani', 'Andhra', 'North Indian', 'Chinese', 'Kebab', 'Seafood', 'Desserts', 'Beverages']"
158,,4.2,485,"Koramangala 6th Block, Bangalore",,₹200,,"['North Indian', 'South Indian', 'Healthy Food', 'Desserts', 'Beverages', 'Andhra', 'Mithai', 'Pizza']"
159,"Variety of Pizza, Spill Proof Packaging, Packing, Tasty, Timely Service, Portion Size",4.6,3,"Koramangala 6th Block, Bangalore",,₹200,,['North Indian']
160,,4.3,62,"Shanti Nagar, Bangalore",,₹300,,"['Italian', 'Mexican', 'Pasta']"
161,"Cleanliness, Best Places, Student Crowd, Prices, Good Place, Portion",4.1,4,"Richmond Road, Bangalore",Opens at 12noon,₹500,"Beef Shwarma, Beef Rolls, Sheek Roll, Jumbo Roll, Haleem, Kababs","['Rolls', 'Biryani', 'Fast Food', 'Arabian']"
162,,3.7,45,"Koramangala 5th Block, Bangalore","12midnight – 3am, 11am – 12midnight",₹300,,"['Shawarma', 'Burger', 'Wraps', 'Street Food', 'Fast Food', 'Beverages', 'Shake']"
163,"Reasonable Prices, Packing, Value for Money, Taste",4.2,57,"Indiranagar, Bangalore",,₹300,,"['Bakery', 'Desserts', 'Ice Cream', 'Mithai', 'Beverages', 'Pizza']"
164,,4.2,287,"Seshadripuram, Bangalore",,₹300,,"['Biryani', 'South Indian', 'Mughlai', 'Andhra', 'Desserts', 'Hyderabadi']"
165,,3.4,251,"Rajajinagar, Bangalore",,₹200,,"['Biryani', 'Chinese']"
166,"Fusion Dishes, Variety of Veg Options, Ample Seating Area, Quality of Food, Relaxed Atmosphere, Food Delivery",3.3,2,"BTM, Bangalore",Opens at 12noon,₹950,"Chicken Garlic Tikka, Shawarma Wrap, Paneer Chilli, Noodle, Kababs, Sides","['Chinese', 'North Indian', 'Mughlai', 'Arabian', 'Kebab', 'Seafood', 'Biryani', 'Ice Cream']"
167,"Takeaway, Street Food, Prompt Service, Delivery Person, Best Places, Quick Service",4.1,8,"Indiranagar, Bangalore",12:30pm – 3am,₹500,"Mutton Sheek Roll, Veg Rolls, Keema, Paneer Roll, Kababs, Wraps","['North Indian', 'Rolls', 'Kebab', 'Mughlai', 'Biryani', 'Beverages']"
168,,3.5,311,"Vasanth Nagar, Bangalore",24 Hours,₹150,,"['Momos', 'Burger', 'Wraps', 'Fast Food', 'Desserts']"
169,"Extensive Bar Menu, Jain Food Options, Good Quality Good Service, Variety of Veg Options, Good for Large Groups, Comfortable Seating Area",3.9,16.7,"BTM, Bangalore",,₹950,"Grilled Chicken Steak, Paneer Biryani, Chicken Dum Biryani, Tandoori Chicken, Raita, Mutton Biryani","['North Indian', 'Hyderabadi', 'Chinese', 'Mughlai', 'Biryani', 'Kebab', 'Ice Cream', 'Desserts']"
170,"Good Quantity, Reasonable Price, Spicy, Good Taste, Fresh Food, Good Food",3.6,17,"Banashankari, Bangalore",Opens at 8am,₹400,,"['North Indian', 'Chinese']"
171,,3.7,1,"Rajajinagar, Bangalore",24 Hours,₹200,,['North Indian']
172,,3.6,261,"Vasanth Nagar, Bangalore",,₹150,,"['Burger', 'American', 'Fast Food', 'Desserts', 'Shake', 'Beverages']"
173,"Combo, Good Taste, Good Food, Good Quality",3.8,16.8,"Hosur Road, Bangalore","12midnight – 12:30am, 12noon – 12midnight",₹400,,"['Arabian', 'Sandwich', 'Burger', 'Biryani', 'Lebanese', 'Beverages', 'Juices', 'Shake']"
174,,3.9,501,"RT Nagar, Bangalore","12midnight – 5am, 11am – 12midnight",₹350,,"['Biryani', 'South Indian']"
175,"Good Value, Great Value, Good Quality Food, Decent Place, Decor, Reasonable Price",4.2,17.2,"Rajajinagar, Bangalore","11:30am – 3:30pm, 6:30pm – 12:30am",₹1,"Honey Chilli Potatoes, Chilli Chicken, Tandoori Chicken, Butter Chicken, Naan, Rolls","['North Indian', 'Mughlai', 'Oriental', 'Chinese', 'Rolls', 'Beverages']"
176,"Affordable Rate, Serving Staff, Pocket Friendly Restaurant, Comfortable Seating Area, Nice Hospitality, Gastronomical Experience",3.7,24.6,"Basaveshwara Nagar, Bangalore",Opens at 11am,₹1,"Paneer Chatpata, Ghee Roast Mutton, Sea Food Platter, Tangdi Kabab, Barbeque Chicken, Grill Chicken","['Arabian', 'North Indian']"
177,,4.4,484,"Koramangala 7th Block, Bangalore",,₹200,,"['Momos', 'Chinese', 'Asian', 'Japanese', 'Street Food', 'Tibetan', 'Finger Food', 'Beverages']"
178,"Best Food under Best Budget, Great Portions, Price, Quantity, Value for Money, Food",4.1,599,"Frazer Town, Bangalore",,₹250,,"['South Indian', 'Chettinad', 'Tamil']"
179,"Fresh Food, Value for Money, Good Quality, Ambience, Service",3.9,713,"BTM, Bangalore","12midnight – 2am, 11am – 12midnight",₹600,,"['Chinese', 'Oriental', 'Asian', 'Sichuan', 'Seafood', 'Momos']"
180,,3.7,284,"Majestic, Bangalore",Opens at 6am,₹200,,"['South Indian', 'North Indian', 'Street Food', 'Juices']"
181,,4.0,601,"Koramangala 7th Block, Bangalore",11:30am – 2am,₹1,,"['North Indian', 'Biryani', 'Mughlai', 'Seafood', 'Chinese', 'Hyderabadi']"
182,,4.5,154,"Garuda Mall, Magrath Road, Bangalore",10am – 1am,₹300,,"['Ice Cream', 'Desserts']"
183,"Comforting Atmosphere, Takeaway, Served Quickly, Nice Place, Good Quality, Value for Money",4.3,3,"Jayanagar, Bangalore",Opens at 8am,₹500,,"['Bakery', 'Desserts', 'Fast Food', 'Beverages']"
184,"Cheap and Affordable, Spill Proof Packaging, Flavour, Timely Service, Packing, Portion",3.9,3,"Indiranagar, Bangalore",,₹300,"Special Fried Rice, Ramen, Bao, Dimsums, Chilli Paneer, Manchow Soup","['Asian', 'Thai', 'Vietnamese', 'Japanese', 'Indonesian', 'Chinese', 'Korean', 'Burmese']"
185,,4.3,346,"Seshadripuram, Bangalore",,₹200,,['North Indian']
186,,4.0,211,"Koramangala 5th Block, Bangalore",Opens at 8am,₹500,,"['Kerala', 'South Indian', 'Chinese', 'Seafood', 'Beverages']"
187,"Elaborate Menu, Hygiene, Delivery Person, Young Crowd, Student Crowd, Good Wifi",4.4,7,"Indiranagar, Bangalore","12midnight – 12:30am, 10am – 12midnight",₹200,"Key Lime Pie, Red Velvet Cheesecake, Carrot Cake, Cup Cakes, Cheese Cakes, Cookie","['Bakery', 'Desserts']"
188,"Good Wifi, Student Crowd, Young Crowd, Fresh Food, Customizable Food, Worth the Money",3.5,7,"BTM, Bangalore",24 Hours,₹250,,"['North Indian', 'Street Food', 'Chinese']"
189,"Great Taste at Great Price, Delivery Person, Spill Proof Packaging, Customizable Food, Elaborate Menu, Flavour",4.0,9,"Shivajinagar, Bangalore",Opens at 9am,₹150,"Fruit Shake, Dry Fruit Lassi, Chocolate, Ice Cream","['Beverages', 'Shake', 'Juices', 'Fast Food', 'Street Food', 'Sandwich', 'Ice Cream']"
190,,3.4,71,"Rajajinagar, Bangalore",,₹150,,"['Burger', 'Pizza', 'Fast Food']"
191,"Portion Size, Value for Money, Worth the Money, Delicious Food, Quantity, Taste",4.0,2,"Thippasandra, Bangalore",,₹250,,['Burger']
192,,3.5,654,"RT Nagar, Bangalore",,₹250,,"['Chinese', 'Desserts', 'Seafood', 'Burger', 'Sichuan']"
193,,3.9,374,"Koramangala 8th Block, Bangalore",,₹100,,['South Indian']
194,,4.0,81,"Koramangala 6th Block, Bangalore",,₹150,,['Andhra']
195,,3.6,250,"RT Nagar, Bangalore",,₹200,,"['Shawarma', 'Fast Food']"
196,,3.3,145,"Vasanth Nagar, Bangalore",,₹200,,"['Ice Cream', 'Desserts', 'Shake']"
197,"Cute Packaging, Extensive Menu, Delicious Food, Timely Service, Good Taste, Worth the Money",3.9,1,"Domlur, Bangalore",,₹100,,"['North Indian', 'Street Food', 'Chinese', 'Beverages']"
198,,3.5,356,"BTM, Bangalore","12midnight – 6am, 11:30am – 3:30pm, 6:30pm – 12midnight",₹150,,"['Biryani', 'Chinese', 'Beverages', 'Desserts']"
199,"Totally Worth it, Pretty Decor, Pocket Friendly, Packed on Weekends, Cozy Place, Fast Service",4.3,12.8,"Building 105, Koramangala 5th Block, Bangalore","12midnight – 4am, 10am – 12midnight",₹400,"Ferrero Rocher Waffle, Caramel Chocolate, Melted Chocolate, Nutella Waffles, Red Velvet Waffle, Shakes","['Waffle', 'Desserts', 'Shake', 'Beverages']"
200,,4.1,321,"Koramangala 3rd Block, Bangalore",,₹200,,"['Momos', 'Fast Food']"
201,,3.4,182,"Rajajinagar, Bangalore",,₹100,,"['Burger', 'Pizza', 'Fast Food', 'Street Food']"
202,,3.9,956,"BTM, Bangalore","12midnight – 12:45am, 1pm – 12midnight",₹150,,"['Arabian', 'North Indian', 'Chinese', 'Biryani', 'Mughlai', 'Beverages', 'South Indian', 'Sichuan']"
203,,4.1,959,"BTM, Bangalore",Opens at 12:30pm,₹700,,"['North Indian', 'Chinese', 'Biryani']"
204,"Economical, Low Price, Authentic Taste, Prompt Service, Reasonable Price, Awesome Food",4.2,11.8,"BTM, Bangalore",Opens at 12noon,₹150,"Liti Chokha, Authentic Bihari Food, Nimbu Pani, Chutneys, Dal, Parathas","['North Indian', 'Bihari', 'Street Food', 'Chinese', 'Desserts', 'Beverages']"
205,"Contactless Delivery, Spill Proof Packaging, Packing, Timely Service, Quality, Price",3.7,2,"Indiranagar, Bangalore",,₹200,,"['Biryani', 'Beverages']"
206,"Weekend Brunch, Spill Proof Packaging, Contactless Delivery, Cute Packaging, Extensive Menu, Food Presentation",3.6,769,"Shanti Nagar, Bangalore","12midnight – 3am, 10am – 12midnight",₹150,"Crispy Chicken Roll, Lemon Soda, Paneer Tikka, Rolls, Cheesecake","['North Indian', 'Chinese', 'Rolls']"
207,,4.5,116,"Commercial Street, Bangalore",,₹350,,"['Bakery', 'Desserts', 'Sandwich', 'Beverages', 'Shake', 'Cafe']"
208,"Coffee Date, Totally Worth it, Table Service, Good Location, Cozy Place, Family Crowd",4.0,1,"MG Road, Bangalore",10am – 1am,₹500,"Butterscotch Ice Cream, Brownie Sizzler, Banana Split, Chocolate Fudge, Chilli Cheese Toast, Club Sandwich","['Ice Cream', 'Desserts', 'Bakery', 'Waffle', 'Sandwich', 'Shake']"
209,,4.3,655,"HBR Layout, Bangalore",,₹100,,"['Beverages', 'Shake']"
210,,3.5,60,"Vasanth Nagar, Bangalore",,₹200,,"['Fast Food', 'Burger', 'Momos', 'Rolls', 'Desserts', 'Bakery', 'Shake']"
211,"Economical, Good Portions, Reasonable Prices, Prompt Service, Polite Staff, Great Ambiance",4.0,6,"RT Nagar, Bangalore","12noon – 4pm, 7pm – 1am",₹300,,"['Mangalorean', 'North Indian', 'Biryani', 'Chinese']"
212,,3.9,3,"Koramangala 7th Block, Bangalore",,₹200,,"['North Indian', 'Biryani']"
213,"Good Taste, Great Portions, Experience, Price, Good Food",3.8,4,"BTM, Bangalore",9am – 4am,₹350,,"['Arabian', 'Biryani', 'Chinese', 'South Indian', 'Kerala', 'Shake', 'Juices', 'Beverages']"
214,,3.5,436,"Indiranagar, Bangalore",,₹100,,"['Chettinad', 'North Indian', 'Chinese']"
215,"Family Favorite, Nice Food Quality, Good Staffs, Good Services with Good People, Prompt Staff, Good Food Good Quality",4.1,17.3,"Frazer Town, Bangalore",11am – 2:30am,₹1,"Karachi Chicken Curry, Karachi Naan, Dabba Gosht, Fruit Cocktail, Gosht Nihari, Nalli Gosht","['Kashmiri', 'Mughlai', 'Arabian', 'BBQ', 'Seafood', 'Biryani', 'North Indian', 'Desserts']"
216,,4.0,614,"Basavanagudi, Bangalore",,₹400,,['Bakery']
217,,4.2,1,"Ulsoor, Bangalore",,₹200,,"['North Indian', 'Street Food']"
218,,3.3,12.1,"BTM, Bangalore","12midnight – 2am, 11am – 12midnight",₹400,,"['Chinese', 'Biryani', 'North Indian', 'South Indian', 'Street Food']"
219,"Hygiene, Presentation, Customizable Food, Elaborate Menu, Fresh Food, Good Quality",4.3,1,"Frazer Town, Bangalore",Opens at 12:30pm,₹400,,['Desserts']
220,"Bang for the Buck, Comfort Food, Great Recommendations, Reasonable Prices, Great Taste, Tasty",4.2,6,"BTM, Bangalore",,₹200,,"['Burger', 'Sandwich', 'Wraps', 'Fast Food']"
221,,3.9,100,"Brigade Road, Bangalore",,₹250,,"['Ice Cream', 'Beverages', 'Shake']"
222,,3.9,7,"Malleshwaram, Bangalore",Opens at 8am,₹300,"Idli, Masala Dosa, French Fries, Chutney","['South Indian', 'Street Food']"
223,,3.7,208,"Rajajinagar, Bangalore",,₹100,,['Chinese']
224,,3.8,460,"BTM, Bangalore","12midnight – 2am, 5pm – 12midnight",₹250,,"['Fast Food', 'Street Food', 'Healthy Food', 'Sandwich', 'Shake', 'Beverages', 'Desserts']"
225,"Reasonable Rate, Food Service, Quick Delivery, Best Food under Best Budget, Contactless Delivery, Proper Packaging",3.6,4,"BTM, Bangalore",24 Hours,₹250,"Paneer Bhurji, Matar Paneer, Butter Roti, Chapati, Paneer Butter Masala, Chole",['North Indian']
226,,4.1,2,"Rajajinagar, Bangalore","12midnight – 12:30am, 11:30am – 3:30pm, 6:30pm – 12midnight",₹150,,"['Biryani', 'North Indian', 'Chinese']"
227,,4.0,723,"Frazer Town, Bangalore",24 Hours,₹400,,"['Hyderabadi', 'Biryani']"
228,"Great Recommendations, Food Quantity, Amazing Food, Great Ambiance, Excellent Food, Great Taste",4.4,42.4,"BTM, Bangalore",Opens at 8am,₹300,"Paneer Parantha, Veg Thali, Aloo Paratha, Raita, Roti, Lassi",['North Indian']
229,"Fresh Food with Good Quality, Affordable Prices, Tamper Proof Packaging, Extensive Menu",3.8,2,"Koramangala 2nd Block, Bangalore",,₹200,,"['Pizza', 'Italian', 'Desserts']"
230,,3.9,265,"Koramangala 2nd Block, Bangalore",,₹100,,"['Chinese', 'Rolls', 'Momos']"
231,"Fantastic Decoration, Clean and Hygienic Place, Served Quickly, Nice Concept, Delicious Taste, Best Food under Best Budget",3.9,1,"Shanti Nagar, Bangalore",24 Hours,₹400,,"['Rajasthani', 'North Indian']"
232,"Cute Packaging, Food Presentation, Extensive Menu, Worth the Money, Timely Service, Delicious Food",4.5,2,"Koramangala 8th Block, Bangalore",Opens at 10am,₹350,"Strawberry Cheesecake, Tiramisu, Cheese Cake, Brownie","['Bakery', 'Desserts']"
233,,3.8,2,"Koramangala 7th Block, Bangalore",Opens at 8am,₹400,,"['Kerala', 'South Indian', 'North Indian', 'Chinese', 'Biryani', 'Beverages']"
234,"Bang for the Buck, Great Recommendations, Polite Staff, Great Ambiance, Awesome Place, Amazing Place",4.0,3,"Koramangala 6th Block, Bangalore",11am – 1am,₹500,"Loaded Pizzas, Ice Cream, Sauce, Fries","['Pizza', 'Fast Food']"
235,,4.3,1,"Koramangala 5th Block, Bangalore",,₹150,,"['North Indian', 'Chinese', 'Street Food']"
236,"Reasonable Cost, Gastronomical Experience, Excellent Taste, Cutlery, Good Quantity, Tasty",4.1,9,"Malleshwaram, Bangalore",Opens at 11am,₹950,,['Biryani']
237,"Customizable Food, Fresh Food, Good Quality, Value for Money, Experience",4.2,1,"MG Road, Bangalore",Opens at 9am,₹500,,"['Bakery', 'Desserts', 'Italian', 'Thai', 'Fast Food']"
238,,4.1,338,"BTM, Bangalore",,₹200,,"['Chinese', 'Momos', 'Sichuan', 'Seafood', 'Pizza']"
239,,3.8,2,"Richmond Road, Bangalore",,₹100,,"['Ice Cream', 'Healthy Food', 'Desserts', 'Bakery', 'Mithai']"
240,,3.7,430,"Richmond Road, Bangalore",,₹150,,"['Shawarma', 'Rolls', 'Chinese']"
241,"Customizable Food, Fresh Food, Value for Money, Good Quality",4.0,2,"Brigade Road, Bangalore","12midnight – 2am, 12:05pm – 12midnight",₹500,,"['Mangalorean', 'Biryani', 'Chinese', 'South Indian', 'Mughlai', 'Seafood', 'North Indian']"
242,"Customizable Food, Fresh Food, Elaborate Menu, Good Taste, Good Quality, Worth the Money",4.2,6,"Koramangala 5th Block, Bangalore",Opens at 8am,₹300,,"['Kerala', 'South Indian', 'Biryani', 'Seafood', 'Beverages']"
243,"Cute Packaging, Extensive Menu, Timely Service, Delicious Food, Food Presentation, Great Portions",3.9,1,"Indiranagar, Bangalore",Opens at 11am,₹100,,['Burger']
244,"Customizable Dishes, Good Wifi, Variety of Pizza, Weekend Brunch, Student Crowd, Cute Packaging",4.3,389,"Lavelle Road, Bangalore",8am – 1am,₹700,"Coffees, Cheesecake, Hot Chocolate, Sandwich","['Cafe', 'Coffee', 'Tea', 'Beverages', 'Sandwich', 'Fast Food', 'Desserts', 'Pizza']"
245,,4.3,465,"Basavanagudi, Bangalore","12midnight – 3am, 10am – 12midnight",₹350,,"['Desserts', 'Waffle', 'Beverages']"
246,"Good Taste, Worth the Money, Great Portions, Fresh Food, Good Quality, Delicious Food",4.0,4,"BTM, Bangalore",,₹200,,"['North Indian', 'Chinese', 'Sichuan']"
247,"Fancy Crowd, Parking, Best Place, Good Place, Menu, Portion",4.3,5,"Race Course Road, Bangalore","12midnight – 1am, 9:30am – 12midnight",₹400,"Tava Pulao, Chocolate Pan, Ice Cream Sundae, Fruit Bowl, Bhel Puri, Pav Bhaji","['Ice Cream', 'Desserts']"
248,,4.0,207,"Indiranagar, Bangalore",,₹500,,"['Pizza', 'Fast Food', 'Desserts']"
249,,4.3,172,"Koramangala 6th Block, Bangalore",Opens at 11am,₹150,,"['Ice Cream', 'Desserts']"
250,"Perfect Service, Good Server, Great Host, Good Wifi, Weekend Brunch, Customizable Food",4.4,1,"Forum Rex Walk, Bangalore","12midnight – 3am, 10am – 12midnight",₹1,"Peri Peri Sauce, Churros, Peri Peri Chicken, Cheesecake, Wings, Burger","['Burger', 'Healthy Food', 'Portuguese']"
251,,3.8,2,"Rajajinagar, Bangalore",24 Hours,₹250,,['North Indian']
252,"Extensive Menu, Delicious Food, Value for Money, Service, Taste",3.9,590,"Koramangala 5th Block, Bangalore","12midnight – 1am, 3:45pm – 12midnight",₹300,,"['Ice Cream', 'Desserts', 'Shake', 'Beverages']"
253,,4.3,171,"Koramangala 5th Block, Bangalore","12midnight – 1am, 11:30am – 12midnight",₹200,,['Ice Cream']
254,"Excellent Location, Fantastic Decoration, Best Staff, Clean and Hygienic Place, Served Quickly, Ambience was Super Cool",4.2,2,"1 Sobha, Bangalore","12midnight – 1am, 11am – 12midnight",₹1,"Morning Glory, Skillet Cookie, Dynamite Shrimps, Chicken Strips, Hot Chocolate, Cheese Cake","['Burger', 'American', 'Continental', 'Fast Food', 'Desserts', 'Coffee', 'Cafe', 'Beverages']"
255,"Taste of Food, Great Menu, Clean and Hygienic Place, Nice Concept, Best Food under Best Budget, Fresh Food",4.2,5,"BTM, Bangalore",,₹250,,"['Beverages', 'Shake', 'Healthy Food', 'Street Food']"
256,"Comfortable Seating Area, Family Crowd, Portions, Price, Menu, Value for Money",4.2,295,"Malleshwaram, Bangalore",Opens at 12noon,₹600,,"['North Indian', 'Mughlai', 'Chinese']"
257,,3.9,45,"BTM, Bangalore",,₹150,,['Andhra']
258,"Good Bartenders, Kid Friendly, Vintage Decor, Good Pricing, Pocket Friendly Place, Live Sports Screening",4.1,2,"Koramangala 7th Block, Bangalore",Opens at 11am,₹1,"Roasted Beef, Egg Ghee Roast, Keema Dosa, Anjal Fry, Pork Ribs, Chicken Wings","['South Indian', 'Biryani', 'Sandwich', 'Desserts', 'Bakery', 'Beverages']"
259,"Good Options, Contactless Delivery, Fresh Food with Good Quality, Proper Packaging, Extensive Menu, Packing",4.1,1,"Indiranagar, Bangalore",,₹350,"Parantha, Malai Kofta, Veg Thali, Butter Chicken, Rice","['North Indian', 'Mughlai']"
260,,3.0,51,"Rajajinagar, Bangalore",,₹200,,"['Fast Food', 'Pizza', 'Burger']"
261,,3.9,38,"Shanti Nagar, Bangalore",,₹250,,"['Rolls', 'Wraps', 'Shawarma']"
262,,4.2,4,"BTM, Bangalore",,₹250,,"['Burger', 'American', 'Sandwich', 'Salad', 'Wraps', 'Drinks Only', 'Desserts']"
263,"Cute Packaging, Worth the Money, Delicious Food, Timely Service, Portion Size, Value for Money",4.3,436,"BTM, Bangalore",,₹150,,"['Biryani', 'Shawarma']"
264,,3.4,1,"BTM, Bangalore",,₹100,,"['North Indian', 'South Indian', 'Chinese']"
265,"Good Food and Good Ambience, Amazing Food and Experience, Ample Seating Area, Ambience is very Nice, Gastronomical Experience, Relaxed Atmosphere",3.5,16.8,"BTM, Bangalore",11am – 3am,₹1,"Tandoori Malai Chaap, Tandoori Parantha, Paneer Patiala, Makke Ki Roti, Panner Tikka Masala, Authentic Punjabi Food","['North Indian', 'Mughlai', 'Biryani', 'Chinese', 'Asian', 'Desserts']"
266,,3.2,38,"Vasanth Nagar, Bangalore",,₹250,,"['Burger', 'American', 'Fast Food', 'Desserts', 'Shake', 'Beverages']"
267,"Tandoori, Good Quantity, Quick Service, Tasty Food, Good Food, Staff",3.8,22.9,"Koramangala 4th Block, Bangalore",Opens at 11am,₹500,,"['North Indian', 'Biryani', 'Chinese', 'South Indian']"
268,"Casual Seating Area, Low Price, Great Recommendations, Prices, Quantity, Value for Money",4.0,2,"Shivajinagar, Bangalore",9am – 1am,₹500,"Mutton Haleem, Mutton Sheek Kabab, Chicken Kabab, Kababs, Mutton Biryani, Briyani","['North Indian', 'Mughlai', 'Chinese', 'South Indian', 'Afghan']"
269,,3.3,57,"Rajajinagar, Bangalore",,₹200,,"['Fast Food', 'Pizza', 'Burger']"
270,,3.6,144,"Rajajinagar, Bangalore",24 Hours,₹200,,"['Biryani', 'Chinese']"
271,,3.9,354,"RT Nagar, Bangalore",,₹200,,"['Chinese', 'Asian', 'Seafood']"
272,,4.4,358,"Vasanth Nagar, Bangalore",Opens at 8:15am,₹750,,"['Cafe', 'Coffee', 'Tea', 'Shake', 'Beverages', 'Sandwich', 'Fast Food', 'Desserts']"
273,,3.5,658,"Richmond Road, Bangalore","12midnight – 3am, 9:30am – 12midnight",₹500,,"['Chinese', 'North Indian', 'Mughlai', 'Lebanese']"
274,"Fresh Food with Good Quality, Worth the Money, Great Portions, Taste",3.7,447,"Koramangala 2nd Block, Bangalore",,₹200,,"['Fast Food', 'Pizza', 'Italian', 'Burger']"
275,,3.6,194,"Brigade Road, Bangalore",,₹150,,['North Indian']
276,"Good Service, Good Food, Value for Money, Quantity, Good Quality",3.9,3,"Shivajinagar, Bangalore",,₹150,,"['Rolls', 'North Indian', 'Chinese', 'Beverages', 'Sichuan']"
277,,3.6,345,"Indiranagar, Bangalore",,₹150,,['Fast Food']
278,,4.2,159,"Seshadripuram, Bangalore",,₹200,,"['South Indian', 'Chettinad', 'Tamil']"
279,,4.2,128,"Basavanagudi, Bangalore","12midnight – 8am, 12noon – 12midnight",₹300,,"['Rolls', 'Fast Food']"
280,,4.2,270,"Jayanagar, Bangalore","12midnight – 2am, 12noon – 12midnight",₹200,,['Ice Cream']
281,"Tasty, Value for Money, Portion, Good Food, Staff, Service",4.2,5,"BTM, Bangalore",,₹150,"Litti Chokha, Parathas, Gulab Jamun, Lassi",['North Indian']
282,,3.6,20,"1 Sobha, Bangalore","12midnight – 1am, 8am – 12midnight",₹600,,"['North Indian', 'Rolls']"
283,"Healthy and Delicious, Tamper Proof Packaging, Great Portions, Extensive Menu, Worth the Money",4.3,3,"Hosur Road, Bangalore",,₹150,,"['Healthy Food', 'Desserts', 'Beverages', 'Juices']"
284,,3.2,176,"Koramangala 8th Block, Bangalore",,₹200,,"['North Indian', 'Mughlai']"
285,,3.7,3,"Indiranagar, Bangalore","12midnight – 4am, 6am – 12midnight",₹300,,"['North Indian', 'Mughlai', 'Chinese']"
286,,4.0,6,"Shanti Nagar, Bangalore",,₹400,,"['Biryani', 'Kebab']"
287,,4.5,95,"Koramangala 5th Block, Bangalore",10am – 1am,₹150,,"['Ice Cream', 'Desserts']"
288,,3.9,42,"Vasanth Nagar, Bangalore",,₹250,,"['Shake', 'Ice Cream', 'Desserts', 'Fast Food', 'Beverages']"
289,"Excellent Location, Comforting Atmosphere, Best Food under Best Budget, Elaborate Menu, Good Quality, Ambience",4.3,1,"Koramangala 5th Block, Bangalore","12midnight – 2am, 7:30am – 12midnight",₹300,"Chicken Puff, Chai, Tea, French Fries","['Tea', 'Beverages', 'Street Food']"
290,,3.7,99,"Jayanagar, Bangalore",Opens at 12noon,₹450,,"['Biryani', 'North Indian', 'Desserts']"
291,,4.2,205,"Koramangala 2nd Block, Bangalore",,₹150,,['North Indian']
292,,4.3,124,"Seshadripuram, Bangalore",,₹150,,"['South Indian', 'Andhra']"
293,"Good Wifi, Weekend Brunch, Fast Delivery, Student Crowd, Family Crowd, Young Crowd",4.0,8,"BTM, Bangalore",11am – 3am,₹400,,"['Biryani', 'North Indian', 'Chinese', 'Rolls', 'Fast Food', 'Sichuan']"
294,"Best Place, Good Place, Staff, Packaging, Service, Food Quality",4.5,725,"Koramangala 5th Block, Bangalore",Opens at 12noon,₹400,,"['Ice Cream', 'Desserts']"
295,"Filling Food, Great Veg Options, Mouth Watering Food, Fresh Food with Good Quality, Spill Proof Packaging, Contactless Delivery",3.8,1,"Kalyan Nagar, Bangalore",24 Hours,₹300,,"['Bakery', 'Desserts']"
296,,3.4,504,"BTM, Bangalore",24 Hours,₹250,,"['North Indian', 'Chinese', 'Street Food', 'South Indian']"
297,,4.0,441,"Koramangala 7th Block, Bangalore",,₹200,,"['Burger', 'Fast Food', 'Beverages', 'Bubble Tea', 'Shake']"
298,,3.8,26,"Mysore Road, Bangalore",,₹150,,"['Pizza', 'Burger', 'Sandwich', 'Wraps', 'Rolls', 'Fast Food', 'Shake', 'Beverages']"
299,,3.1,39,"RT Nagar, Bangalore",,₹100,,"['South Indian', 'Biryani', 'Kebab', 'Chinese']"
300,"Quick Serving, Best Staff, Great Menu, Clean and Hygienic Place, Portion, Fresh Food",4.1,3,"Basaveshwara Nagar, Bangalore",Opens at 12noon,₹300,,"['Shawarma', 'Fast Food', 'Beverages', 'Lebanese']"
301,,3.7,438,"Banashankari, Bangalore",Opens at 10:45am,₹200,,"['Mithai', 'North Indian', 'Fast Food', 'Street Food', 'Sandwich']"
302,"Value for Money, Packaging, Quantity, Ambience, Food, Taste",4.1,373,"Brigade Road, Bangalore","12midnight – 3am, 10:30am – 12midnight",₹400,,"['Burger', 'Fast Food']"
303,"Bank for the Buck, Totally Worth it, Cozy Ambience, Authenticity, Favorite Place, Cozy Place",4.4,3,"Indiranagar, Bangalore",Opens at 8:30am,₹400,"Baileys Ice Cream, Extra Dark Chocolate, Vanilla Gelato, Gelato Ice Creams, Strawberry Sundae, Mango Sorbet","['Ice Cream', 'Desserts', 'Beverages']"
304,,3.7,172,"Koramangala 5th Block, Bangalore",12noon – 12:30am,₹800,,"['Kerala', 'Seafood', 'South Indian', 'North Indian', 'Chinese']"
305,"Value for Money, Packaging, Fresh Food, Good Quality",4.1,1,"Koramangala 6th Block, Bangalore","12midnight – 1am, 9am – 12midnight",₹400,,"['North Indian', 'Kebab', 'Mughlai', 'Afghan', 'BBQ']"
306,"Tandoori, Affordable Price, Best Places, Quick Service, Reasonable Price, Decor",4.1,5,"Koramangala 5th Block, Bangalore","12midnight – 2am, 11:30am – 12midnight",₹700,"Mutton Pasinda, Firni, Kathi Rolls, Tawa Chicken, Chaap, Mutton Rogan Josh","['North Indian', 'Mughlai', 'Biryani', 'Kebab', 'Rolls']"
307,,2.8,137,"Wilson Garden, Bangalore",,₹250,,"['South Indian', 'Desserts']"
308,"Best Staff, Fantastic Decoration, Served Quickly, Great Veg Options, Clean and Hygienic Place, Delicious Taste",4.3,382,"Residency Road, Bangalore",11:30am – 12:30am,₹1,,"['Sandwich', 'Pizza', 'North Indian', 'Continental', 'Finger Food', 'Seafood', 'Beverages']"
309,,3.4,686,"BTM, Bangalore",,₹250,,"['Biryani', 'Chinese', 'North Indian']"
310,"Food Tastes Great, Very Affordable, Healthy and Delicious, Fresh Food with Good Quality, Extensive Menu, Spill Proof Packaging",4.0,664,"Koramangala 2nd Block, Bangalore",,₹250,,['Bakery']
311,,4.5,341,"Rajajinagar, Bangalore",,₹250,,"['Healthy Food', 'Salad', 'Mexican', 'Pasta', 'Pizza', 'Beverages', 'Asian', 'North Indian']"
312,,3.2,141,"Rajajinagar, Bangalore",,₹200,,"['Biryani', 'Chinese', 'Street Food']"
313,,3.6,153,"Rajajinagar, Bangalore",24 Hours,₹500,,"['Chinese', 'Fast Food', 'Momos', 'Sandwich', 'Ice Cream', 'Desserts', 'Beverages', 'Sichuan']"
314,"Large Servings, Best Staff, Excellent Location, Served Quickly, Comforting Atmosphere, Clean and Hygienic Place",4.1,2,"Koramangala 5th Block, Bangalore",Opens at 11am,₹1,,"['Pizza', 'Italian', 'Fast Food', 'Desserts', 'Shake', 'Beverages']"
315,,3.8,1,"Hosur Road, Bangalore",,₹250,,"['Bakery', 'Desserts', 'Mithai']"
316,"Family Place, Reasonable Price, Breakfast, Awesome Food, Nice Food, Best Place",3.7,13.2,"BTM, Bangalore",9am – 1am,₹400,"Bangali Khabar, Katla Kalia, Alur Dom, Authentic Bengali Food, Mutton, Chutney","['Bengali', 'North Indian', 'North Eastern', 'Street Food']"
317,"Student Crowd, Elaborate Menu, Customizable Food, Fresh Food, Delicious Food, Good Quality",4.1,612,"Indiranagar, Bangalore",Opens at 10am,₹500,,"['Pizza', 'Burger', 'North Indian', 'Fast Food', 'Momos', 'Wraps', 'Ice Cream', 'Beverages']"
318,,4.1,1,"RT Nagar, Bangalore",,₹1,,"['Chinese', 'North Indian', 'Biryani', 'Rolls', 'Seafood', 'Mughlai', 'Shake', 'Beverages']"
319,"Food Presentation, Extensive Menu, Timely Service, Worth the Money, Delicious Food, Great Portions",3.5,1,"Koramangala 5th Block, Bangalore",Opens at 10am,₹950,,"['Arabian', 'North Indian']"
320,,3.9,436,"RT Nagar, Bangalore",,₹200,,"['Chinese', 'Seafood', 'Asian']"
321,,3.1,440,"Hebbal, Bangalore",,₹150,,"['Biryani', 'Kebab', 'Hyderabadi']"
322,,3.4,56,"Koramangala 5th Block, Bangalore",,₹250,,"['Pizza', 'Pasta', 'Italian', 'Fast Food', 'Beverages']"
323,"Awesome Spot to Hangout, Food Tastes Great, Sanitised Service, Very Affordable, Served Quickly, Menu",4.1,761,"Frazer Town, Bangalore","12midnight – 3am, 2:15pm – 12midnight",₹500,,"['Fast Food', 'Arabian', 'Lebanese', 'Beverages', 'Desserts']"
324,,3.5,126,"Hosur Road, Bangalore","12midnight – 2am, 8am – 11:45pm",₹350,,"['Bakery', 'Desserts']"
325,"Delicious Taste, Best Food under Best Budget, Spill Proof Packaging, Great Taste, Wonderful Presentation, Worth the Money",4.2,6,"BTM, Bangalore",8am – 7:45am,₹350,"Kullad Chai, Sandwiches, Burger, Drink, Sauce","['Burger', 'Sandwich', 'Wraps', 'Street Food', 'Fast Food', 'Shake', 'Beverages']"
326,,4.2,222,"Koramangala 5th Block, Bangalore","12midnight – 2am, 10am – 12midnight",₹300,,"['Ice Cream', 'Shake']"
327,"Ambience, Portion Size, Service, Value for Money, Packaging, Food",3.8,166,"Indiranagar, Bangalore","12midnight – 3am, 4pm – 12midnight",₹150,,"['Street Food', 'Sandwich', 'Fast Food']"
328,,3.9,256,"Indiranagar, Bangalore",,₹100,,"['North Indian', 'Chinese']"
329,"Cute Packaging, Food Presentation, Extensive Menu, Timely Service, Worth the Money, Great Portions",4.0,250,"Koramangala 2nd Block, Bangalore",,₹350,,['Bakery']
330,,4.1,156,"Basavanagudi, Bangalore","12midnight – 2am, 11:30am – 12midnight",₹300,,"['Fast Food', 'Shake']"
331,,3.8,335,"BTM, Bangalore","12midnight – 3am, 12noon – 12midnight",₹400,,"['Shawarma', 'Arabian']"
332,,3.3,142,"Frazer Town, Bangalore",Opens at 8am,₹150,,"['Desserts', 'Pasta', 'Sandwich']"
333,,3.0,40,"Wilson Garden, Bangalore",,₹350,,"['Biryani', 'Desserts']"
